sector,empresa,pais_sede,presencia_mx_latam,tamano_aprox,sitio_web,dominio,linkedin_empresa,trigger_detectado,fuente_trigger_url,fecha_fuente,fit_icp_1a5,justificacion_fit,servicio_praxia_sugerido,prioridad,contacto_nombre,contacto_cargo,contacto_linkedin_url,fuente_contacto_url,fecha_consulta_contacto,email_patron,estado_email,base_legal,notas
02 Startups y scale-ups tecnológicas,Kavak,México,Sede en México (CDMX); cerró operaciones en Colombia y Perú en 2023; otros países vigentes [PENDIENTE],"Unicornio, Serie F; ~120,000 transacciones en 2025; plantilla [PENDIENTE]",https://www.kavak.com,kavak.com,[PENDIENTE],"Serie F de USD 300M liderada por a16z (feb-2026), después de una ronda de USD 127M (mar-2025, valuación USD 2.2B) y USD 400M en deuda; primer mes de rentabilidad global consolidada en dic-2025; prepara su salida a bolsa sin fecha; nuevo Head of People & Culture (dic-2025)",https://elceo.com/negocios/kavak-acelera-en-su-plan-de-crecimiento-capta-300-mdd-en-ronda-de-inversion/,2026-02 (día [PENDIENTE]),5,"Varios triggers activos a la vez (ronda grande, nuevo líder de personas, giro de crecimiento agresivo a modelo rentable). Opera con escala y velocidad que estresan a la organización y tiene presupuesto recién levantado. El sponsor natural es el nuevo Head of People & Culture",A Transformation Diagnostic → D Organizational Effectiveness Advisory,A,Carlos García Ottati,Fundador y CEO,[PENDIENTE],https://emprendedor.com/kavak-serie-f-300-mdd-a16z-inversion-latinoamerica-fintech-autos-seminuevos/,2026-10-09,[patrón desconocido]@kavak.com,NO VERIFICADO,Interés legítimo B2B — pendiente validación RISK-01/abogado,"Fuente: cobertura de la Serie F, donde se le cita como fundador al frente de la empresa | Reestructura previa del equipo directivo en México (Bloomberg Línea, 2022-11-04) como antecedente: https://www.bloomberglinea.com/2022/11/04/kavak-realiza-reestructura-corporativa-en-mexico-con-la-salida-de-ejecutivos-clave/ . Ronda 2025: https://emprendedor.com/kavak-se-descalabra-y-reduce-su-valuacion-en-6500-millones-de-dolares-en-nueva-financiacion/"
02 Startups y scale-ups tecnológicas,Kavak,México,Sede en México (CDMX); cerró operaciones en Colombia y Perú en 2023; otros países vigentes [PENDIENTE],"Unicornio, Serie F; ~120,000 transacciones en 2025; plantilla [PENDIENTE]",https://www.kavak.com,kavak.com,[PENDIENTE],"Serie F de USD 300M liderada por a16z (feb-2026), después de una ronda de USD 127M (mar-2025, valuación USD 2.2B) y USD 400M en deuda; primer mes de rentabilidad global consolidada en dic-2025; prepara su salida a bolsa sin fecha; nuevo Head of People & Culture (dic-2025)",https://elceo.com/negocios/kavak-acelera-en-su-plan-de-crecimiento-capta-300-mdd-en-ronda-de-inversion/,2026-02 (día [PENDIENTE]),5,"Varios triggers activos a la vez (ronda grande, nuevo líder de personas, giro de crecimiento agresivo a modelo rentable). Opera con escala y velocidad que estresan a la organización y tiene presupuesto recién levantado. El sponsor natural es el nuevo Head of People & Culture",A Transformation Diagnostic → D Organizational Effectiveness Advisory,A,Paulo Neto,Head of People & Culture (nombrado en dic-2025),[PENDIENTE],https://hrtoday.in/paulo-neto-appointed-as-head-of-people-culture-at-kavak-com/,2026-10-09,[patrón desconocido]@kavak.com,NO VERIFICADO,Interés legítimo B2B — pendiente validación RISK-01/abogado,"Champion probable. Antes fue Chief People & Performance Officer en Jüsto. Confirmar el título exacto con una fuente oficial de Kavak | Reestructura previa del equipo directivo en México (Bloomberg Línea, 2022-11-04) como antecedente: https://www.bloomberglinea.com/2022/11/04/kavak-realiza-reestructura-corporativa-en-mexico-con-la-salida-de-ejecutivos-clave/ . Ronda 2025: https://emprendedor.com/kavak-se-descalabra-y-reduce-su-valuacion-en-6500-millones-de-dolares-en-nueva-financiacion/"
02 Startups y scale-ups tecnológicas,Kavak,México,Sede en México (CDMX); cerró operaciones en Colombia y Perú en 2023; otros países vigentes [PENDIENTE],"Unicornio, Serie F; ~120,000 transacciones en 2025; plantilla [PENDIENTE]",https://www.kavak.com,kavak.com,[PENDIENTE],"Serie F de USD 300M liderada por a16z (feb-2026), después de una ronda de USD 127M (mar-2025, valuación USD 2.2B) y USD 400M en deuda; primer mes de rentabilidad global consolidada en dic-2025; prepara su salida a bolsa sin fecha; nuevo Head of People & Culture (dic-2025)",https://elceo.com/negocios/kavak-acelera-en-su-plan-de-crecimiento-capta-300-mdd-en-ronda-de-inversion/,2026-02 (día [PENDIENTE]),5,"Varios triggers activos a la vez (ronda grande, nuevo líder de personas, giro de crecimiento agresivo a modelo rentable). Opera con escala y velocidad que estresan a la organización y tiene presupuesto recién levantado. El sponsor natural es el nuevo Head of People & Culture",A Transformation Diagnostic → D Organizational Effectiveness Advisory,A,Juan Cruz de la Rúa,Director General México (según el anuncio de nombramiento),[PENDIENTE],https://www.informabtl.com/kavak-anuncia-a-su-nuevo-director-general-en-mexico/,2026-10-09,[patrón desconocido]@kavak.com,NO VERIFICADO,Interés legítimo B2B — pendiente validación RISK-01/abogado,"Fecha del anuncio [PENDIENTE]; confirmar que sigue en el cargo | Reestructura previa del equipo directivo en México (Bloomberg Línea, 2022-11-04) como antecedente: https://www.bloomberglinea.com/2022/11/04/kavak-realiza-reestructura-corporativa-en-mexico-con-la-salida-de-ejecutivos-clave/ . Ronda 2025: https://emprendedor.com/kavak-se-descalabra-y-reduce-su-valuacion-en-6500-millones-de-dolares-en-nueva-financiacion/"
02 Startups y scale-ups tecnológicas,Buk,Chile,"Chile, México, Colombia, Perú; entrada a Brasil en 2025 (países fuera de CL/MX/BR por confirmar)","Valuación USD 850M (ene-2025); más de 7,000 organizaciones clientes; plantilla [PENDIENTE]",https://www.buk.cl [verificar],buk.cl [verificar],[PENDIENTE],"Ronda de USD 50M liderada por Headline (ene-2025, valuación USD 850M); apertura formal en Brasil en 2025; plan de duplicar su equipo en México (desarrollo, ventas, marketing y servicio)",https://www.theclinic.cl/2025/01/06/los-planes-de-buk-la-startup-chilena-de-rrh-en-vias-de-convertirse-en-unicornio-lo-primero-es-sellar-nuestra-llegada-a-brasil/,2025-01-06,4,Hiper-crecimiento multi-país (Brasil + duplicar México) que estresa a mandos medios y a la integración de equipos. Tiene capital fresco. El trigger tiene ya 21 meses,E Leadership & Capability Transformation (mandos medios en expansión) · D Organizational Effectiveness Advisory,A,Jaime Arrieta,CEO y cofundador,[PENDIENTE],https://www.ex-ante.cl/perfil-jaime-arrieta-el-ceo-que-ha-liderado-el-crecimiento-de-la-startup-buk-hacia-el-estatus-de-unicornio/,2026-10-09,[patrón desconocido]@buk.cl,NO VERIFICADO,Interés legítimo B2B — pendiente validación RISK-01/abogado,Perfil publicado en ene-2025 | Es una plataforma de RR.HH. y puede ser cliente o aliado de canal; validar el ángulo con SAL-01. Fuente secundaria de la ronda: https://forbes.co/emprendedores/buk-plataforma-de-rrhh-alcanza-valuacion-de-us850-millones-tras-recaudar-us50-millones-en-ronda-de-inversion
02 Startups y scale-ups tecnológicas,Tractian,EE.UU. (sede en Atlanta; origen Brasil),Brasil y México (oficinas en CDMX y Monterrey; nueva oficina en Monterrey en 2026); EE.UU. y México generan ~50% del ingreso,400+ empleados (dic-2024); valuación ~USD 720M,https://tractian.com,tractian.com,[PENDIENTE],"Serie C de USD 120M (dic-2024); la mitad se destina a México: centro de I+D en Monterrey, soporte local para el norte del país y contratación de ingenieros. Abre nueva oficina en Monterrey (2026)",https://mexicobusiness.news/tech/news/tractian-secures-us120-million-expand-tech-rd,2024-12,5,"Ronda grande con inversión explícita en México, contratación acelerada de ingenieros y un hub nuevo en Monterrey. Escala que estresa a la organización. Su producto es IA industrial, así que su base de clientes también es mercado para PRAXIA",E Leadership & Capability Transformation (líderes del hub de Monterrey) · B Adoption Architecture,A,Igor Marinelli,Cofundador y CEO,[PENDIENTE],https://www.bloomberglinea.com/tecnologia/innovacion/esta-tecnologica-de-brasil-recibe-el-50-de-ingresos-en-eeuu-y-mexico-dice-fundador/,2026-10-09,[patrón desconocido]@tractian.com,NO VERIFICADO,Interés legítimo B2B — pendiente validación RISK-01/abogado,Dirige la operación desde Atlanta | Fuentes complementarias: https://clusterindustrial.com.mx/tractian-alcanza-720-mdd-en-valoracion-y-apuesta-por-nuevo-leon/ . Posible conflicto de interés: sus clientes son industriales y acereros; el Founder debe declarar si su empleador actual o anterior es cliente de Tractian
02 Startups y scale-ups tecnológicas,Tractian,EE.UU. (sede en Atlanta; origen Brasil),Brasil y México (oficinas en CDMX y Monterrey; nueva oficina en Monterrey en 2026); EE.UU. y México generan ~50% del ingreso,400+ empleados (dic-2024); valuación ~USD 720M,https://tractian.com,tractian.com,[PENDIENTE],"Serie C de USD 120M (dic-2024); la mitad se destina a México: centro de I+D en Monterrey, soporte local para el norte del país y contratación de ingenieros. Abre nueva oficina en Monterrey (2026)",https://mexicobusiness.news/tech/news/tractian-secures-us120-million-expand-tech-rd,2024-12,5,"Ronda grande con inversión explícita en México, contratación acelerada de ingenieros y un hub nuevo en Monterrey. Escala que estresa a la organización. Su producto es IA industrial, así que su base de clientes también es mercado para PRAXIA",E Leadership & Capability Transformation (líderes del hub de Monterrey) · B Adoption Architecture,A,Leonardo Vieira,Cofundador y CCO (go-to-market LatAm y EE.UU.),[PENDIENTE],https://www.bloomberglinea.com/tecnologia/innovacion/esta-tecnologica-de-brasil-recibe-el-50-de-ingresos-en-eeuu-y-mexico-dice-fundador/,2026-10-09,[patrón desconocido]@tractian.com,NO VERIFICADO,Interés legítimo B2B — pendiente validación RISK-01/abogado,Algunas notas de 2024 lo presentan como CEO; confirmar su cargo actual | Fuentes complementarias: https://clusterindustrial.com.mx/tractian-alcanza-720-mdd-en-valoracion-y-apuesta-por-nuevo-leon/ . Posible conflicto de interés: sus clientes son industriales y acereros; el Founder debe declarar si su empleador actual o anterior es cliente de Tractian
02 Startups y scale-ups tecnológicas,Tractian,EE.UU. (sede en Atlanta; origen Brasil),Brasil y México (oficinas en CDMX y Monterrey; nueva oficina en Monterrey en 2026); EE.UU. y México generan ~50% del ingreso,400+ empleados (dic-2024); valuación ~USD 720M,https://tractian.com,tractian.com,[PENDIENTE],"Serie C de USD 120M (dic-2024); la mitad se destina a México: centro de I+D en Monterrey, soporte local para el norte del país y contratación de ingenieros. Abre nueva oficina en Monterrey (2026)",https://mexicobusiness.news/tech/news/tractian-secures-us120-million-expand-tech-rd,2024-12,5,"Ronda grande con inversión explícita en México, contratación acelerada de ingenieros y un hub nuevo en Monterrey. Escala que estresa a la organización. Su producto es IA industrial, así que su base de clientes también es mercado para PRAXIA",E Leadership & Capability Transformation (líderes del hub de Monterrey) · B Adoption Architecture,A,Gabriel Lameirinhas,Cofundador (cargo actual [PENDIENTE]),[PENDIENTE],https://www.baguete.com.br/noticias/tractian-capta-r-230-milhoes,2026-10-09,[patrón desconocido]@tractian.com,NO VERIFICADO,Interés legítimo B2B — pendiente validación RISK-01/abogado,Sin fuente pública del cargo; no asumir CTO | Fuentes complementarias: https://clusterindustrial.com.mx/tractian-alcanza-720-mdd-en-valoracion-y-apuesta-por-nuevo-leon/ . Posible conflicto de interés: sus clientes son industriales y acereros; el Founder debe declarar si su empleador actual o anterior es cliente de Tractian
02 Startups y scale-ups tecnológicas,Hotmart,Brasil,Operación global; presencia en México y LatAm [PENDIENTE],"1,500–1,700 empleados (según la fuente)",https://hotmart.com [verificar],hotmart.com [verificar],[PENDIENTE],"Reestructura organizacional con recorte de ~10% de la plantilla global (jul-2026); estrategia basada en tres pilares (IA, productos físicos, expansión internacional); la IA aparece como transversal a toda la operación",https://startups.com.br/negocios/hotmart-demite-10-do-quadro-global-e-fala-em-reestruturacao/,2026-07,5,"Trigger muy reciente (reestructura + IA). El caso es justo el problema de PRAXIA: rediseñar el trabajo con IA y sostener la ejecución después de un recorte. Escala de más de 1,500 personas",C AI Adoption Accelerator · A Transformation Diagnostic,A,João Pedro Resende,CEO (cofundador [PENDIENTE]),[PENDIENTE],https://www.infomoney.com.br/?p=1962190,2026-10-09,[patrón desconocido]@hotmart.com,NO VERIFICADO,Interés legítimo B2B — pendiente validación RISK-01/abogado,"Firma como CEO la carta de un recorte anterior; confirmar en la cobertura de 2026 que sigue en el cargo | Fuente adicional: https://www.tecmundo.com.br/mercado/414393-hotmart-corta-cerca-de-10-dos-funcionarios-em-reestruturacao-dos-negocios.htm . El contacto inicial debe ser en portugués o inglés, según el idioma del cliente"
02 Startups y scale-ups tecnológicas,Tiendanube / Nuvemshop,Argentina / Brasil (sede legal [verificar]),"Brasil, Argentina, México (nuevas oficinas en CDMX en 2026), Colombia","~1,000 empleados (2022; deducido de un recorte de 50 personas = 5%); unicornio",https://www.tiendanube.com [verificar],tiendanube.com [verificar],[PENDIENTE],Expansión en México: nuevas oficinas en CDMX y crecimiento de 6x en tres años (abr-2026). Inversión regional de USD 10M en su ecosistema de IA (asistente Lumi) más USD 7.5M en fintech y logística en México,https://www.descubre.vc/noticia/tiendanube-expande-su-presencia-en-m-xico-con-nuevas-oficinas-y-crecimiento-r-cord-2026-04-17,2026-04-17,4,Expansión en México más una apuesta declarada por la IA. Hay escala multi-país y presupuesto comprometido. El sponsor de personas no está identificado,C AI Adoption Accelerator (adopción interna de IA) · E Leadership & Capability Transformation,A,Santiago Sosa,Cofundador y CEO (según fuente previa),[PENDIENTE],https://startups.com.br/noticias/nuvemshop-lanca-operacao-na-colombia-com-investimento-de-r-53-mi/,2026-10-09,[patrón desconocido]@tiendanube.com,NO VERIFICADO,Interés legítimo B2B — pendiente validación RISK-01/abogado,Fuente de ~2022; confirmar que sigue en el cargo | Fuente IA: https://www.xataka.com.mx/comercio-electronico/ia-ahorra-3-millones-horas-trabajo-a-tiendas-linea-mexico-tiendanube-invertira-millones-para-impulsar-su-uso . La fuente del CEO es anterior a 2024
02 Startups y scale-ups tecnológicas,Rappi,Colombia,"Colombia (sede), México y otros países LatAm [PENDIENTE verificar lista vigente]",Unicornio; plantilla [PENDIENTE],https://www.rappi.com [verificar],rappi.com [verificar],[PENDIENTE],El CEO evalúa salir a bolsa hacia finales de 2026; cuatro trimestres consecutivos rentables; inversión en herramientas de IA (búsqueda y pedidos por voz),https://www.bloomberglinea.com/tecnologia/exclusiva-ceo-de-rappi-evaluara-el-panorama-en-2026-para-salir-a-bolsa/,[PENDIENTE] (probablemente 2025),4,"La preparación para salir a bolsa exige disciplina de ejecución, gobernanza y productividad, y hay IA en curso. Tiene gran escala. El acceso al decisor es difícil sin introducción",A Transformation Diagnostic · G Strategic Advisory Retainer,B,Simón Borrero,CEO y cofundador,[PENDIENTE],https://www.bloomberglinea.com/tecnologia/exclusiva-ceo-de-rappi-evaluara-el-panorama-en-2026-para-salir-a-bolsa/,2026-10-09,[patrón desconocido]@rappi.com,NO VERIFICADO,Interés legítimo B2B — pendiente validación RISK-01/abogado,Entrevista con Bloomberg Línea | Nota complementaria (Bloomberg Línea BR): https://www.bloomberglinea.com.br/negocios/rappi-reinveste-100-do-lucro-para-crescer-mais-e-avalia-ipo-em-2026-diz-ceo/
02 Startups y scale-ups tecnológicas,Habi,Colombia,"Colombia y México (~60% del negocio en México según Bloomberg, 2024)",Unicornio (Serie C de USD 200M); plantilla [PENDIENTE],https://habi.co,habi.co,[PENDIENTE],Financiamiento de USD 30M de IFC y Victory Park Capital para expandirse en México y Colombia (abr-2024); línea estructurada de BID Invest de hasta USD 25M para Habi Colombia (2025),https://www.bloomberg.com/news/articles/2024-04-10/latin-america-proptech-habi-gets-30-million-from-ifc-vpc,2024-04-10,3,"Hay escala y operación binacional MX-CO, pero el trigger es deuda (no capital) y tiene más de 2 años. Hace falta una señal organizacional reciente",D Organizational Effectiveness Advisory · A Transformation Diagnostic,B,Brynne McNulty Rojas,Cofundadora y CEO,[PENDIENTE],https://idbinvest.org/es/medios-y-prensa/bid-invest-y-habi-se-unen-para-facilitar-la-vivienda-en-mexico-traves-de-la-tecnologia,2026-10-09,[patrón desconocido]@habi.co,NO VERIFICADO,Interés legítimo B2B — pendiente validación RISK-01/abogado,Citada como CEO en el comunicado de BID Invest | Crédito BID 2025: https://idbinvest.org/en/projects/habi-structured-line-credit-colombia (las fechas de la ficha son inconsistentes)
02 Startups y scale-ups tecnológicas,Humand,Argentina (también se reporta EE.UU.),"Argentina y Brasil; expansión a México, Colombia y Chile anunciada en 2026","1,500 organizaciones clientes; plantilla [PENDIENTE] (para cumplir el criterio se requiere confirmar 150+ empleados)",https://humand.co [verificar],humand.co [verificar],[PENDIENTE],"Serie A de USD 66M liderada por Kaszek y Goodwater, con Marcos Galperin (feb-2026); expansión a México, Colombia y Chile; plan de duplicar su equipo en Brasil; agentes de IA para RR.HH.",https://www.forbesargentina.com/negocios/la-startup-humand-levanta-us-66-millones-record-regional-galperin-como-nuevo-inversor-n86665,2026-02,3,"Ronda récord y crecimiento acelerado de plantilla. Es Serie A y su tamaño no está confirmado, así que el fit con el ICP queda condicionado",E Leadership & Capability Transformation (escalar mandos medios),B,Nicolás Benenzon,Cofundador y CEO,[PENDIENTE],https://www.forbesargentina.com/negocios/la-startup-humand-levanta-us-66-millones-record-regional-galperin-como-nuevo-inversor-n86665,2026-10-09,[patrón desconocido]@humand.co,NO VERIFICADO,Interés legítimo B2B — pendiente validación RISK-01/abogado,Es una plataforma de RR.HH. y puede ser aliado de canal además de cliente. Fuente adicional: https://www.bloomberglinea.com.br/startups/humand-capta-us-66-mi-e-atrai-kaszek-e-marcos-galperin-como-investidores/
02 Startups y scale-ups tecnológicas,Humand,Argentina (también se reporta EE.UU.),"Argentina y Brasil; expansión a México, Colombia y Chile anunciada en 2026","1,500 organizaciones clientes; plantilla [PENDIENTE] (para cumplir el criterio se requiere confirmar 150+ empleados)",https://humand.co [verificar],humand.co [verificar],[PENDIENTE],"Serie A de USD 66M liderada por Kaszek y Goodwater, con Marcos Galperin (feb-2026); expansión a México, Colombia y Chile; plan de duplicar su equipo en Brasil; agentes de IA para RR.HH.",https://www.forbesargentina.com/negocios/la-startup-humand-levanta-us-66-millones-record-regional-galperin-como-nuevo-inversor-n86665,2026-02,3,"Ronda récord y crecimiento acelerado de plantilla. Es Serie A y su tamaño no está confirmado, así que el fit con el ICP queda condicionado",E Leadership & Capability Transformation (escalar mandos medios),B,Gerónimo Maspero,Cofundador y CTO,[PENDIENTE],https://www.forbesargentina.com/negocios/la-startup-humand-levanta-us-66-millones-record-regional-galperin-como-nuevo-inversor-n86665,2026-10-09,[patrón desconocido]@humand.co,NO VERIFICADO,Interés legítimo B2B — pendiente validación RISK-01/abogado,Es una plataforma de RR.HH. y puede ser aliado de canal además de cliente. Fuente adicional: https://www.bloomberglinea.com.br/startups/humand-capta-us-66-mi-e-atrai-kaszek-e-marcos-galperin-como-investidores/
02 Startups y scale-ups tecnológicas,NotCo,Chile,Chile; vendió sus negocios de Brasil y Argentina/Uruguay; se reporta el cierre de su operación en México,Menos de 100 empleados (desde un pico de más de 300),https://notco.com [verificar],notco.com [verificar],[PENDIENTE],Pivote a licenciar su IA (Giuseppe) a grandes empresas de consumo; despidos de 16–20 puestos (jul-2026); cierre de la oficina de Nueva York (feb-2025); venta de unidades de negocio,https://www.df.cl/df-lab/tech-empresas/notco-despide-a-parte-de-los-equipos-cientifico-y-culinario-para-priorizar,2026-07,2,"Hay trigger fuerte (reestructura y giro a IA), pero la organización se contrae, el presupuesto es limitado y queda poca escala en México. Su mejor uso es como referente o red de contactos",D Organizational Effectiveness Advisory,C,Matías Muchnick,Fundador y CEO,[PENDIENTE],https://forbes.cl/negocios/2025-02-05/notco-cerrara-sus-oficinas-en-nueva-york-y-encargara-la-comercializacion-de-sus-productos-en-ee-uu-y-canada-a-kraft-heinz/,2026-10-09,[patrón desconocido]@notco.com,NO VERIFICADO,Interés legítimo B2B — pendiente validación RISK-01/abogado,Fuentes: https://forbes.cl/negocios/2025-02-05/notco-cerrara-sus-oficinas-en-nueva-york-y-encargara-la-comercializacion-de-sus-productos-en-ee-uu-y-canada-a-kraft-heinz/ · https://www.greenqueen.com.hk/?p=88094
02 Startups y scale-ups tecnológicas,99minutos,México,"México (sede), Colombia, Chile y Perú",Serie C de USD 82M (2022); más de 15M de paquetes al año; plantilla [PENDIENTE],https://www.99minutos.com [verificar],99minutos.com [verificar],[PENDIENTE],"Lanzamiento de Freight99 (ago-2025), nueva unidad de transporte terrestre con 300 camiones y más de 200 rutas nacionales [PENDIENTE: nota primaria]",[PENDIENTE],2025-08 [PENDIENTE],3,"Una nueva unidad de negocio con flota propia implica rediseñar operación, roles y supervisión. La fuente del trigger no se pudo verificar",A Transformation Diagnostic · E Leadership & Capability Transformation,C,Alexis Patjane,Fundador y CEO,[PENDIENTE],https://startupintros.com/people/alexis-patjane,2026-10-09,[patrón desconocido]@99minutos.com,NO VERIFICADO,Interés legítimo B2B — pendiente validación RISK-01/abogado,Fuente de terceros (agregador); confirmar con fuente primaria | Dato de fit (Serie C): https://elreferente.es/america/inversiones/99-minutos-levanta-82m-ronda-serie-c/ . El dato de Freight99 salió en un resumen de búsqueda sin URL atribuible; hay que localizar la nota primaria
02 Startups y scale-ups tecnológicas,Fracttal,"Chile [PENDIENTE] (un agregador indica Madrid, España)",Brasil y México según el anuncio [PENDIENTE],"190 empleados (2024, agregador GetLatka)",https://www.fracttal.com [verificar],fracttal.com [verificar],[PENDIENTE],Serie C de USD 35M liderada por Riverwood Capital (ene-2026) para acelerar la inversión en IA y fortalecer Brasil y México [PENDIENTE: solo se vio en un extracto de listado; falta la fuente primaria],[PENDIENTE],2026-01-27 [PENDIENTE],3,"Si la ronda se confirma: tamaño justo en el umbral, IA en el producto y expansión en México. Hoy la evidencia es débil",B Adoption Architecture · E Leadership & Capability Transformation,C,Chris Struve,CEO y cofundador (según agregador),[PENDIENTE],https://getlatka.com/companies/fracttal/contacts,2026-10-09,[patrón desconocido]@fracttal.com,NO VERIFICADO,Interés legítimo B2B — pendiente validación RISK-01/abogado,Fuente de terceros (agregador); confirmar con fuente primaria | No avanzar sin confirmar la ronda con una fuente primaria. Software de mantenimiento industrial: aplica la misma nota de conflicto de interés que Tractian
